,id,name,nameWithOwner,stargazers.totalCount
0,MDEwOlJlcG9zaXRvcnkyODQ1NzgyMw==,freeCodeCamp,freeCodeCamp/freeCodeCamp,343556
1,MDEwOlJlcG9zaXRvcnkxNzc3MzY1MzM=,996.ICU,996icu/996.ICU,261652
2,MDEwOlJlcG9zaXRvcnkxMzQ5MTg5NQ==,free-programming-books,EbookFoundation/free-programming-books,229721
3,MDEwOlJlcG9zaXRvcnkyMTczNzQ2NQ==,awesome,sindresorhus/awesome,196061
4,MDEwOlJlcG9zaXRvcnkxMTczMDM0Mg==,vue,vuejs/vue,194710
5,MDEwOlJlcG9zaXRvcnk1NDM0Njc5OQ==,public-apis,public-apis/public-apis,187783
6,MDEwOlJlcG9zaXRvcnkxMDI3MDI1MA==,react,facebook/react,185867
7,MDEwOlJlcG9zaXRvcnk0NTcxNzI1MA==,tensorflow,tensorflow/tensorflow,164059
8,MDEwOlJlcG9zaXRvcnkyMTI2MjQ0,bootstrap,twbs/bootstrap,156279
9,MDEwOlJlcG9zaXRvcnkyOTExMzc=,ohmyzsh,ohmyzsh/ohmyzsh,143199
10,MDEwOlJlcG9zaXRvcnkzMTc5MjgyNA==,flutter,flutter/flutter,138664
11,MDEwOlJlcG9zaXRvcnk2MzQ3NjMzNw==,Python,TheAlgorithms/Python,134112
12,MDEwOlJlcG9zaXRvcnkxMDYyODk3,gitignore,github/gitignore,131470
13,MDEwOlJlcG9zaXRvcnk0MTg4MTkwMA==,vscode,microsoft/vscode,129810
14,MDEwOlJlcG9zaXRvcnkyMTI4OTExMA==,awesome-python,vinta/awesome-python,122390
15,MDEwOlJlcG9zaXRvcnk2NDk4NDky,javascript,airbnb/javascript,121737
16,MDEwOlJlcG9zaXRvcnkxMDM5NTIw,youtube-dl,ytdl-org/youtube-dl,108303
17,MDEwOlJlcG9zaXRvcnkyOTAyODc3NQ==,react-native,facebook/react-native,101996
18,MDEwOlJlcG9zaXRvcnk5Mzg0MjY3,electron,electron/electron,101171
19,MDEwOlJlcG9zaXRvcnk5NDMxNDk=,d3,d3/d3,100848
20,MDEwOlJlcG9zaXRvcnkyMzA5Njk1OQ==,go,golang/go,97458
21,MDEwOlJlcG9zaXRvcnk2MzUzNzI0OQ==,create-react-app,facebook/create-react-app,94311
22,MDEwOlJlcG9zaXRvcnkxMTI1MDcwODY=,30-seconds-of-code,30-seconds/30-seconds-of-code,93737
23,MDEwOlJlcG9zaXRvcnkyMDU4MDQ5OA==,kubernetes,kubernetes/kubernetes,87134
24,MDEwOlJlcG9zaXRvcnkyNzE5Mzc3OQ==,node,nodejs/node,86681
25,MDEwOlJlcG9zaXRvcnk3MDEwNzc4Ng==,next.js,vercel/next.js,84305
26,MDEwOlJlcG9zaXRvcnkzNjYzMzM3MA==,awesome-selfhosted,awesome-selfhosted/awesome-selfhosted,83956
27,MDEwOlJlcG9zaXRvcnkxMDAwNjA5MTI=,terminal,microsoft/terminal,82139
28,MDEwOlJlcG9zaXRvcnkxMzM0NDIzODQ=,deno,denoland/deno,81426
29,MDEwOlJlcG9zaXRvcnk1NzYyMDE=,three.js,mrdoob/three.js,80766
30,MDEwOlJlcG9zaXRvcnkyNDE5NTMzOQ==,angular,angular/angular,80601
31,MDEwOlJlcG9zaXRvcnkyMDkyOTAyNQ==,TypeScript,microsoft/TypeScript,79477
32,MDEwOlJlcG9zaXRvcnkzNDUyNjg4NA==,ant-design,ant-design/ant-design,79211
33,MDEwOlJlcG9zaXRvcnkyMTU0MDc1OQ==,awesome-go,avelino/awesome-go,78260
34,MDEwOlJlcG9zaXRvcnkyMzA4MzE1Ng==,material-ui,mui/material-ui,77226
35,MDEwOlJlcG9zaXRvcnk5MDc5NjY2Mw==,puppeteer,puppeteer/puppeteer,77157
36,MDEwOlJlcG9zaXRvcnkyMjc5MDQ4OA==,java-design-patterns,iluwatar/java-design-patterns,74164
37,MDEwOlJlcG9zaXRvcnk1MTExNzgzNw==,models,tensorflow/models,73230
38,MDEwOlJlcG9zaXRvcnkxODQ0NTYyNTE=,PowerToys,microsoft/PowerToys,71055
39,MDEwOlJlcG9zaXRvcnk1NDE3MzU5Mw==,storybook,storybookjs/storybook,69963
40,MDEwOlJlcG9zaXRvcnkxODYzMzI5,laravel,laravel/laravel,69271
41,MDEwOlJlcG9zaXRvcnk3MjQ3MTI=,rust,rust-lang/rust,65276
42,MDEwOlJlcG9zaXRvcnk0NDU3MTcxOA==,awesome-vue,vuejs/awesome-vue,64555
43,MDEwOlJlcG9zaXRvcnk0MTY0NDgy,django,django/django,63296
44,MDEwOlJlcG9zaXRvcnkxMTgxOTI3,bitcoin,bitcoin/bitcoin,63037
45,MDEwOlJlcG9zaXRvcnk3NjkxNjMx,moby,moby/moby,62707
46,MDEwOlJlcG9zaXRvcnkzNjc4NzMx,webpack,webpack/webpack,60785
47,MDEwOlJlcG9zaXRvcnk1MTA4MDUx,opencv,opencv/opencv,60743
48,MDEwOlJlcG9zaXRvcnkxNTUyMjA2NDE=,transformers,huggingface/transformers,60569
49,MDEwOlJlcG9zaXRvcnk2Mjk2Nzkw,spring-boot,spring-projects/spring-boot,60477
50,MDEwOlJlcG9zaXRvcnk0NjAwNzg=,angular.js,angular/angular.js,59502
51,MDEwOlJlcG9zaXRvcnk0NDgzODk0OQ==,swift,apple/swift,59191
52,MDEwOlJlcG9zaXRvcnk1MDc3NzU=,elasticsearch,elastic/elasticsearch,59099
53,MDEwOlJlcG9zaXRvcnkxMDc0NDE4Mw==,netdata,netdata/netdata,58703
54,MDEwOlJlcG9zaXRvcnk1OTY4OTI=,flask,pallets/flask,58489
55,MDEwOlJlcG9zaXRvcnkxMTE4MDY4Nw==,hugo,gohugoio/hugo,58111
56,MDEwOlJlcG9zaXRvcnkzNjUzNTE1Ng==,redux,reduxjs/redux,57809
57,MDEwOlJlcG9zaXRvcnk3NDI5MzMyMQ==,svelte,sveltejs/svelte,57219
58,MDEwOlJlcG9zaXRvcnkzMjI4NTA1,atom,atom/atom,57146
59,MDEwOlJlcG9zaXRvcnkyMDkwNDQzNw==,gin,gin-gonic/gin,57262
60,MDEwOlJlcG9zaXRvcnk4ODQzNjgz,Chart.js,chartjs/Chart.js,56581
61,MDEwOlJlcG9zaXRvcnkyMzcxNTk=,express,expressjs/express,56563
62,MDEwOlJlcG9zaXRvcnkxNjcxNzQ=,jquery,jquery/jquery,56060
63,MDEwOlJlcG9zaXRvcnkxMDYwMTczNDM=,tailwindcss,tailwindlabs/tailwindcss,55278
64,MDEwOlJlcG9zaXRvcnk2NTYwMDk3NQ==,pytorch,pytorch/pytorch,55122
65,MDEwOlJlcG9zaXRvcnkzMzAxNTU4Mw==,keras,keras-team/keras,54857
66,MDEwOlJlcG9zaXRvcnkzMjQ4NDM4MQ==,free-for-dev,ripienaar/free-for-dev,54368
67,MDEwOlJlcG9zaXRvcnkxNTYwMTg=,redis,redis/redis,54282
68,MDEwOlJlcG9zaXRvcnkyMzM1NzU4OA==,protobuf,protocolbuffers/protobuf,53747
69,MDEwOlJlcG9zaXRvcnkzOTU1NjQ3,lodash,lodash/lodash,52813
70,MDEwOlJlcG9zaXRvcnkzNjM4OTY0,ansible,ansible/ansible,52689
71,MDEwOlJlcG9zaXRvcnkxNzI5NTM4NDU=,code-server,coder/code-server,52695
72,MDEwOlJlcG9zaXRvcnkzNjA0MDg5NA==,gatsby,gatsbyjs/gatsby,52637
73,MDEwOlJlcG9zaXRvcnk0ODY1NTA=,html5-boilerplate,h5bp/html5-boilerplate,52582
74,MDEwOlJlcG9zaXRvcnkxNjQwODk5Mg==,neovim,neovim/neovim,52169
75,MDEwOlJlcG9zaXRvcnk2NzI3NDczNg==,element,ElemeFE/element,51868
76,MDEwOlJlcG9zaXRvcnkxMjg4ODk5Mw==,core,home-assistant/core,51493
77,MDEwOlJlcG9zaXRvcnk5MTg1Nzky,echarts,apache/echarts,50501
78,MDEwOlJlcG9zaXRvcnk4NTE0,rails,rails/rails,50468
79,MDEwOlJlcG9zaXRvcnk4NDMyMjI=,scikit-learn,scikit-learn/scikit-learn,49583
80,MDEwOlJlcG9zaXRvcnkxNTc2MTY4ODA=,iptv,iptv-org/iptv,48777
81,MDEwOlJlcG9zaXRvcnkxNTExMTgyMQ==,grafana,grafana/grafana,47878
82,MDEwOlJlcG9zaXRvcnkxNTYzNDk4MQ==,godot,godotengine/godot,47824
83,MDEwOlJlcG9zaXRvcnkyMjY3MDg1Nw==,awesome-react,enaqx/awesome-react,47676
84,MDEwOlJlcG9zaXRvcnkxMzYyNDkw,requests,psf/requests,47182
85,MDEwOlJlcG9zaXRvcnkxMTQ4NzUz,spring-framework,spring-projects/spring-framework,47058
86,MDEwOlJlcG9zaXRvcnkxMjI1NjM3Ng==,ionic-framework,ionic-team/ionic-framework,46680
87,MDEwOlJlcG9zaXRvcnkxOTg3MjQ1Ng==,react-router,remix-run/react-router,46559
88,MDEwOlJlcG9zaXRvcnkxNDI0NDcw,moment,moment/moment,46393
89,MDEwOlJlcG9zaXRvcnkyNjA2NjcyNw==,mermaid,mermaid-js/mermaid,45964
90,MDEwOlJlcG9zaXRvcnk4MDk0NTQyOA==,nest,nestjs/nest,45932
91,MDEwOlJlcG9zaXRvcnk3NTA4NDEx,RxJava,ReactiveX/RxJava,45928
92,MDEwOlJlcG9zaXRvcnk2MzQ3NzY2MA==,Java,TheAlgorithms/Java,45459
93,MDEwOlJlcG9zaXRvcnkzOTQ2NDAxOA==,superset,apache/superset,45454
94,MDEwOlJlcG9zaXRvcnkyMjg4NzA5NA==,tesseract,tesseract-ocr/tesseract,44624
95,MDEwOlJlcG9zaXRvcnk2NTI1Mg==,jekyll,jekyll/jekyll,44416
96,MDEwOlJlcG9zaXRvcnkyMTczNzI2Ng==,awesome-nodejs,sindresorhus/awesome-nodejs,44214
97,MDEwOlJlcG9zaXRvcnk0MzQ0MTQwMw==,strapi,strapi/strapi,44142
98,MDEwOlJlcG9zaXRvcnkyMDMwMDE3Nw==,guava,google/guava,44096
99,MDEwOlJlcG9zaXRvcnk4MTU5ODk2MQ==,cpython,python/cpython,43826
100,MDEwOlJlcG9zaXRvcnkxNDcxMjg1MA==,syncthing,syncthing/syncthing,43829
101,MDEwOlJlcG9zaXRvcnkxNjA5MTkxMTk=,fastapi,tiangolo/fastapi,43702
102,MDEwOlJlcG9zaXRvcnk1Mjk1MDI=,scrapy,scrapy/scrapy,43212
103,MDEwOlJlcG9zaXRvcnkzMjE0NDA2,meteor,meteor/meteor,42856
104,MDEwOlJlcG9zaXRvcnkzNDMwMjY5OA==,serverless,serverless/serverless,42457
105,MDEwOlJlcG9zaXRvcnk3NTEwNDEyMw==,prettier,prettier/prettier,42337
106,MDEwOlJlcG9zaXRvcnk1MTUyMjg1,okhttp,square/okhttp,41898
107,MDEwOlJlcG9zaXRvcnkyMDM1ODc3NDQ=,hoppscotch,hoppscotch/hoppscotch,41906
108,MDEwOlJlcG9zaXRvcnk2ODM4OTIx,prometheus,prometheus/prometheus,41810
109,MDEwOlJlcG9zaXRvcnkzNDMyMjY2,kotlin,JetBrains/kotlin,40867
110,MDEwOlJlcG9zaXRvcnkxNTQyODQ4MA==,AdminLTE,ColorlibHQ/AdminLTE,40728
111,MDEwOlJlcG9zaXRvcnkyNDU2MDMwNw==,babel,babel/babel,40671
112,MDEwOlJlcG9zaXRvcnk0OTk3MDY0Mg==,yarn,yarnpkg/yarn,40561
113,MDEwOlJlcG9zaXRvcnk5OTU5ODU5NQ==,parcel,parcel-bundler/parcel,40498
114,MDEwOlJlcG9zaXRvcnkyNTc0ODU0MjI=,vite,vitejs/vite,40134
115,MDEwOlJlcG9zaXRvcnk5ODUyOTE4,Ghost,TryGhost/Ghost,39855
116,MDEwOlJlcG9zaXRvcnk4OTIyNzU=,retrofit,square/retrofit,39796
117,MDEwOlJlcG9zaXRvcnk3MTk5NTkzNw==,nuxt.js,nuxt/nuxt.js,39755
118,MDEwOlJlcG9zaXRvcnk3MTk0ODQ5OA==,localstack,localstack/localstack,39447
119,MDEwOlJlcG9zaXRvcnkxMTIyNTAxNA==,etcd,etcd-io/etcd,39400
120,MDEwOlJlcG9zaXRvcnkyMTcwMDY5OQ==,awesome-ios,vsouza/awesome-ios,39266
121,MDEwOlJlcG9zaXRvcnkxNjc1MjYyMA==,gogs,gogs/gogs,38885
122,MDEwOlJlcG9zaXRvcnkxNjQ0MTk2,julia,JuliaLang/julia,38813
123,MDEwOlJlcG9zaXRvcnkyMzk3NDE0OQ==,materialize,Dogfalo/materialize,38682
124,MDEwOlJlcG9zaXRvcnkxNTA2Mjg2OQ==,jest,facebook/jest,38517
125,MDEwOlJlcG9zaXRvcnk2MDkzMzE2,DefinitelyTyped,DefinitelyTyped/DefinitelyTyped,38426
126,MDEwOlJlcG9zaXRvcnk1MTk4MDQ1NQ==,alacritty,alacritty/alacritty,38424
127,MDEwOlJlcG9zaXRvcnk2MjM2NzU1OA==,hyper,vercel/hyper,38194
128,MDEwOlJlcG9zaXRvcnkyOTIwNzYyMQ==,caddy,caddyserver/caddy,38200
129,MDEwOlJlcG9zaXRvcnkxNjYzNDY4,pdf.js,mozilla/pdf.js,38104
130,MDEwOlJlcG9zaXRvcnkxNTAxOTk2Mg==,tldr,tldr-pages/tldr,37972
131,MDEwOlJlcG9zaXRvcnkyNjE3ODc3NTg=,design-resources-for-developers,bradtraversy/design-resources-for-developers,37908
132,MDEwOlJlcG9zaXRvcnkzMTYyOTc1MQ==,cypress,cypress-io/cypress,37822
133,MDEwOlJlcG9zaXRvcnk0MjQwODgwNA==,traefik,traefik/traefik,37481
134,MDEwOlJlcG9zaXRvcnkxMzIzMzE1OA==,obs-studio,obsproject/obs-studio,37433
135,MDEwOlJlcG9zaXRvcnk0NzEwOTIw,dubbo,apache/dubbo,37055
136,MDEwOlJlcG9zaXRvcnkxNTQ1MjkxOQ==,go-ethereum,ethereum/go-ethereum,36499
137,MDEwOlJlcG9zaXRvcnkyMjE5ODE4OTE=,playwright,microsoft/playwright,36303
138,MDEwOlJlcG9zaXRvcnk2NTc5NDI5Mg==,styled-components,styled-components/styled-components,36289
139,MDEwOlJlcG9zaXRvcnk3NzQxODU2,pixijs,pixijs/pixijs,35979
140,MDEwOlJlcG9zaXRvcnkxOTY3MDE2MTk=,tauri,tauri-apps/tauri,35881
141,MDEwOlJlcG9zaXRvcnkyMDYxOTAzNg==,pi-hole,pi-hole/pi-hole,35664
142,MDEwOlJlcG9zaXRvcnk3NTY5NTc4,discourse,discourse/discourse,35436
143,MDEwOlJlcG9zaXRvcnk4NjgxMzQ5,huginn,huginn/huginn,35325
144,MDEwOlJlcG9zaXRvcnkyMTE2NjY=,node-v0.x-archive,nodejs/node-v0.x-archive,34734
145,MDEwOlJlcG9zaXRvcnk1OTIzMjE1,hexo,hexojs/hexo,34503
146,MDEwOlJlcG9zaXRvcnkyNzQ0Mjk2Nw==,fastlane,fastlane/fastlane,34350
147,MDEwOlJlcG9zaXRvcnk2Nzk2MjY0OA==,vuetify,vuetifyjs/vuetify,33892
148,MDEwOlJlcG9zaXRvcnkyNzcyOTg4MA==,grpc,grpc/grpc,33863
149,MDEwOlJlcG9zaXRvcnk3NDYyNzYxNw==,openpilot,commaai/openpilot,33863
150,MDEwOlJlcG9zaXRvcnkyOTM1NzM1,brackets,adobe/brackets,33656
151,MDEwOlJlcG9zaXRvcnkxOTAzNTIy,php-src,php/php-src,33558
152,MDEwOlJlcG9zaXRvcnk5MzExMzU=,Leaflet,Leaflet/Leaflet,33513
153,MDEwOlJlcG9zaXRvcnkxMzA0NjQ5NjE=,bat,sharkdp/bat,33383
154,MDEwOlJlcG9zaXRvcnk4NTgxMjc=,pandas,pandas-dev/pandas,33323
155,MDEwOlJlcG9zaXRvcnkxODI4Nzk1,AFNetworking,AFNetworking/AFNetworking,33304
156,MDEwOlJlcG9zaXRvcnk2NjcwMDY=,video.js,videojs/video.js,33076
157,MDEwOlJlcG9zaXRvcnk0OTYwOTU4MQ==,PowerShell,PowerShell/PowerShell,32800
158,MDEwOlJlcG9zaXRvcnkxNzE2NTY1OA==,spark,apache/spark,32495
159,MDEwOlJlcG9zaXRvcnkyOTI2MTQ3Mw==,minio,minio/minio,32438
160,MDEwOlJlcG9zaXRvcnkxMjc5MTY0Mg==,caffe,BVLC/caffe,32377
161,MDEwOlJlcG9zaXRvcnkxNzgwMzIzNg==,rclone,rclone/rclone,32110
162,MDEwOlJlcG9zaXRvcnk5NDkxMTE0NQ==,docusaurus,facebook/docusaurus,32087
163,MDEwOlJlcG9zaXRvcnkzNTg2NjY5NA==,Rocket.Chat,RocketChat/Rocket.Chat,32062
164,MDEwOlJlcG9zaXRvcnkyOTI2ODA1MQ==,material-design-lite,google/material-design-lite,31993
165,MDEwOlJlcG9zaXRvcnkxNzcyODE2NA==,terraform,hashicorp/terraform,31918
166,MDEwOlJlcG9zaXRvcnkxMDEzOTQzMzU=,ant-design-pro,ant-design/ant-design-pro,31760
167,MDEwOlJlcG9zaXRvcnk1MzIzODgxMw==,brew,Homebrew/brew,31647
168,MDEwOlJlcG9zaXRvcnkyNjc4MzI5NQ==,kong,Kong/kong,31598
169,MDEwOlJlcG9zaXRvcnk5MzkzNzU5,phaser,photonstorm/phaser,31512
170,MDEwOlJlcG9zaXRvcnk0MjI4MzI4Nw==,preact,preactjs/preact,31424
171,MDEwOlJlcG9zaXRvcnkxMDExMzgzMTU=,d2l-zh,d2l-ai/d2l-zh,31230
172,MDEwOlJlcG9zaXRvcnk3NzIxMzEyMA==,tabby,Eugeny/tabby,31082
173,MDEwOlJlcG9zaXRvcnk0MTk4NjM2OQ==,tidb,pingcap/tidb,30901
174,MDEwOlJlcG9zaXRvcnkxMjg2MjQ0NTM=,taro,NervJS/taro,30781
175,MDEwOlJlcG9zaXRvcnkyMTQ1ODcxOTM=,supabase,supabase/supabase,30750
176,MDEwOlJlcG9zaXRvcnk4NzMzMjg=,sentry,getsentry/sentry,30556
177,MDEwOlJlcG9zaXRvcnk0NTUxMjk4OQ==,gold-miner,xitu/gold-miner,30410
178,MDEwOlJlcG9zaXRvcnk5NDM2NzY3Nw==,formik,jaredpalmer/formik,30097
179,MDEwOlJlcG9zaXRvcnk5NzU0OTgz,tutorials,eugenp/tutorials,30063
180,MDEwOlJlcG9zaXRvcnk3NDE3NTgwNQ==,istio,istio/istio,29920
181,MDEwOlJlcG9zaXRvcnkyNTczMDU4,foundation-sites,foundation/foundation-sites,29229
182,MDEwOlJlcG9zaXRvcnk3MjQ5NTU3OQ==,gitea,go-gitea/gitea,29232
183,MDEwOlJlcG9zaXRvcnk0ODYyNjMzNQ==,vue-cli,vuejs/vue-cli,29131
184,MDEwOlJlcG9zaXRvcnk3OTE2MjY4Mg==,joplin,laurent22/joplin,28996
185,MDEwOlJlcG9zaXRvcnkxMzcwNzg0ODc=,core,vuejs/core,28937
186,MDEwOlJlcG9zaXRvcnkxMDY0NTYz,netty,netty/netty,28896
187,MDEwOlJlcG9zaXRvcnkyNjUxNjIxMA==,certbot,certbot/certbot,28798
188,MDEwOlJlcG9zaXRvcnkxMjAwMDUw,phantomjs,ariya/phantomjs,28783
189,MDEwOlJlcG9zaXRvcnkxNTQ5NTA5MjU=,react-use,streamich/react-use,28801
190,MDEwOlJlcG9zaXRvcnkyMzgzMTY0Mjg=,COVID-19,CSSEGISandData/COVID-19,28560
191,MDEwOlJlcG9zaXRvcnkyNDg0MTYzNQ==,date-fns,date-fns/date-fns,28435
192,MDEwOlJlcG9zaXRvcnkzMDk2OTE4OA==,react-boilerplate,react-boilerplate/react-boilerplate,28384
193,MDEwOlJlcG9zaXRvcnkyMzEyODM0NTI=,excalidraw,excalidraw/excalidraw,28254
194,MDEwOlJlcG9zaXRvcnk4NTAzMTQ0Mg==,hiring-without-whiteboards,poteto/hiring-without-whiteboards,28040
195,MDEwOlJlcG9zaXRvcnkzMDIwMzkzNQ==,metabase,metabase/metabase,27989
196,MDEwOlJlcG9zaXRvcnkyMTI2MTMwNDk=,cli,cli/cli,27977
197,MDEwOlJlcG9zaXRvcnkxNjk2NzcyOTc=,v,vlang/v,27957
198,MDEwOlJlcG9zaXRvcnkzNTc3OTE5,beego,beego/beego,27950
199,MDEwOlJlcG9zaXRvcnk5NTIxODk=,backbone,jashkenas/backbone,27865
200,MDEwOlJlcG9zaXRvcnk1Mjc3MzE1Nw==,typeorm,typeorm/typeorm,27830
201,MDEwOlJlcG9zaXRvcnkxNzYyMDM0Nw==,aspnetcore,dotnet/aspnetcore,27754
202,MDEwOlJlcG9zaXRvcnkxODQ0MjUx,todomvc,tastejs/todomvc,27734
203,MDEwOlJlcG9zaXRvcnk1MjI4MTI4Mw==,mastodon,mastodon/mastodon,27406
204,MDEwOlJlcG9zaXRvcnkyMDYwODQ=,legacy-homebrew,Homebrew/legacy-homebrew,27317
205,MDEwOlJlcG9zaXRvcnkyMDk2NTc5,marked,markedjs/marked,27276
206,MDEwOlJlcG9zaXRvcnk1NzIyMjMwMg==,gym,openai/gym,27107
207,MDEwOlJlcG9zaXRvcnkxNzQwMzgwMzE=,react-hook-form,react-hook-form/react-hook-form,27044
208,MDEwOlJlcG9zaXRvcnkyMjkzMTU4,metasploit-framework,rapid7/metasploit-framework,26829
209,MDEwOlJlcG9zaXRvcnkxMjUyNjYzMjg=,black,psf/black,26819
210,MDEwOlJlcG9zaXRvcnkzMjI0Nzg0Nw==,rxjs,ReactiveX/rxjs,26784
211,MDEwOlJlcG9zaXRvcnk0MDk5NzQ4Mg==,vim,vim/vim,26700
212,MDEwOlJlcG9zaXRvcnk0NTgwNTg=,symfony,symfony/symfony,26683
213,MDEwOlJlcG9zaXRvcnk3NTQ4OTg2,framework,laravel/framework,26674
214,MDEwOlJlcG9zaXRvcnk1MTk4MzI=,mitmproxy,mitmproxy/mitmproxy,26608
215,MDEwOlJlcG9zaXRvcnk1MzEyNzQwMw==,apollo,apolloconfig/apollo,26543
216,MDEwOlJlcG9zaXRvcnkyNTc5MzE0,Faker,fzaninotto/Faker,26410
217,MDEwOlJlcG9zaXRvcnkzNDkyNDE=,underscore,jashkenas/underscore,26390
218,MDEwOlJlcG9zaXRvcnkxODY0MzYz,composer,composer/composer,26381
219,MDEwOlJlcG9zaXRvcnkxMzc3MjQ0ODA=,graphql-engine,hasura/graphql-engine,26353
220,MDEwOlJlcG9zaXRvcnk0ODYxMDY2Mg==,acme.sh,acmesh-official/acme.sh,26029
221,MDEwOlJlcG9zaXRvcnk3OTAzNTk=,sequelize,sequelize/sequelize,25949
222,MDEwOlJlcG9zaXRvcnkzOTg0MDkzMg==,googletest,google/googletest,25551
223,MDEwOlJlcG9zaXRvcnk0NDY2MjY2OQ==,dbeaver,dbeaver/dbeaver,25498
224,MDEwOlJlcG9zaXRvcnkxMjgzNTAz,request,request/request,25445
225,MDEwOlJlcG9zaXRvcnkxNTA0NTc1MQ==,compose,docker/compose,25402
226,MDEwOlJlcG9zaXRvcnkzMzg4NDg5MQ==,airflow,apache/airflow,25388
227,MDEwOlJlcG9zaXRvcnkzNjg5MTg2Nw==,angular-cli,angular/angular-cli,25317
228,MDEwOlJlcG9zaXRvcnkyNzAwMTU5,druid,alibaba/druid,25320
229,MDEwOlJlcG9zaXRvcnkzNjIwMTk0,select2,select2/select2,25262
230,MDEwOlJlcG9zaXRvcnkzMTc3NTc=,Modernizr,Modernizr/Modernizr,25186
231,MDEwOlJlcG9zaXRvcnkyMjgwMTY0NDM=,leetcode-master,youngyangyang04/leetcode-master,25207
232,MDEwOlJlcG9zaXRvcnkyMTkzODI0Mw==,awesome-rust,rust-unofficial/awesome-rust,25152
233,MDEwOlJlcG9zaXRvcnk1NzE3NzA=,pandoc,jgm/pandoc,25130
234,MDEwOlJlcG9zaXRvcnk0NjI3MzQ0NQ==,uppy,transloadit/uppy,25101
235,MDEwOlJlcG9zaXRvcnkzMjIxNTk3MA==,mobx,mobxjs/mobx,25050
236,MDEwOlJlcG9zaXRvcnk2NzcwMjE4NA==,Magisk,topjohnwu/Magisk,25050
237,MDEwOlJlcG9zaXRvcnkyMDI4OTA3Nzg=,chakra-ui,chakra-ui/chakra-ui,25022
238,MDEwOlJlcG9zaXRvcnkyODgxNzg5,Python,geekcomputers/Python,25001
239,MDEwOlJlcG9zaXRvcnkyNTQxMjg0,cheerio,cheeriojs/cheerio,24920
240,MDEwOlJlcG9zaXRvcnkxNjYwNzg5OA==,drone,harness/drone,24759
241,MDEwOlJlcG9zaXRvcnkxMjU0NDk3,CodeMirror,codemirror/CodeMirror,24688
242,MDEwOlJlcG9zaXRvcnkxOTc0NTAwNA==,odoo,odoo/odoo,24645
243,MDEwOlJlcG9zaXRvcnk1NjkwNDE=,curl,curl/curl,24572
244,MDEwOlJlcG9zaXRvcnkxNDEyNTI1NA==,consul,hashicorp/consul,24514
245,MDEwOlJlcG9zaXRvcnkyMzMzODcxNg==,react-select,JedWatson/react-select,24384
246,MDEwOlJlcG9zaXRvcnk1MzM3MDk4OA==,lighthouse,GoogleChrome/lighthouse,24376
247,MDEwOlJlcG9zaXRvcnkyNjQ4MTg2ODY=,yolov5,ultralytics/yolov5,24373
248,MDEwOlJlcG9zaXRvcnkxNzg5OTExNTg=,starship,starship/starship,24367
249,MDEwOlJlcG9zaXRvcnkxMDI4MzQw,ace,ajaxorg/ace,24263
250,MDEwOlJlcG9zaXRvcnkxNjU2MzU4Nw==,cockroach,cockroachdb/cockroach,24129
251,MDEwOlJlcG9zaXRvcnk1OTc4Nzk=,mongoose,Automattic/mongoose,24117
252,MDEwOlJlcG9zaXRvcnk0MDIwNDY=,jsPDF,parallax/jsPDF,24092
253,MDEwOlJlcG9zaXRvcnkzMTM0MTk=,SDWebImage,SDWebImage/SDWebImage,24061
254,MDEwOlJlcG9zaXRvcnk2MTQxMjAyMg==,slate,ianstormtaylor/slate,23999
255,MDEwOlJlcG9zaXRvcnk5MTI1MzY5OA==,ccxt,ccxt/ccxt,23893
256,MDEwOlJlcG9zaXRvcnkzMTI4ODk1OA==,vault,hashicorp/vault,23867
257,MDEwOlJlcG9zaXRvcnk1NjM1Mzc0MA==,minikube,kubernetes/minikube,23634
258,MDEwOlJlcG9zaXRvcnk0ODE4NzI=,vagrant,hashicorp/vagrant,23591
259,MDEwOlJlcG9zaXRvcnkxMzEyNDgwMg==,influxdb,influxdata/influxdb,23272
260,MDEwOlJlcG9zaXRvcnk3NjEzMjU3,selenium,SeleniumHQ/selenium,23128
261,MDEwOlJlcG9zaXRvcnkxNDMxNTQ3,django-rest-framework,encode/django-rest-framework,23127
262,MDEwOlJlcG9zaXRvcnkyMTQ2NzExMA==,spaCy,explosion/spaCy,23090
263,MDEwOlJlcG9zaXRvcnk2MDI0NjM1OQ==,ClickHouse,ClickHouse/ClickHouse,22996
264,MDEwOlJlcG9zaXRvcnkyNTAwMDg4,gitlabhq,gitlabhq/gitlabhq,22875
265,MDEwOlJlcG9zaXRvcnk3OTUxMDE2Nw==,pipenv,pypa/pipenv,22849
266,MDEwOlJlcG9zaXRvcnk2ODcyMDg2Nw==,first-contributions,firstcontributions/first-contributions,22745
267,MDEwOlJlcG9zaXRvcnk2OTQ5NTE3MA==,fastify,fastify/fastify,22633
268,MDEwOlJlcG9zaXRvcnk0NTA1NTY5Mw==,etcher,balena-io/etcher,22626
269,MDEwOlJlcG9zaXRvcnk0OTAxNjMyMg==,components,angular/components,22617
270,MDEwOlJlcG9zaXRvcnkxMDU2NzE5Nw==,dokku,dokku/dokku,22595
271,MDEwOlJlcG9zaXRvcnkzNzQ0ODQ1MQ==,mattermost-server,mattermost/mattermost-server,22458
272,MDEwOlJlcG9zaXRvcnkxNjU4NzI4Mw==,xgboost,dmlc/xgboost,22433
273,MDEwOlJlcG9zaXRvcnkzMDg3NzA=,devise,heartcombo/devise,22342
274,MDEwOlJlcG9zaXRvcnk2OTM0Mzk1,rocksdb,facebook/rocksdb,22215
275,MDEwOlJlcG9zaXRvcnk2NzcwOTgwOA==,react-native-elements,react-native-elements/react-native-elements,22220
276,MDEwOlJlcG9zaXRvcnkyOTkwMTky,Signal-Android,signalapp/Signal-Android,22210
277,MDEwOlJlcG9zaXRvcnkxODAxODI5,ember.js,emberjs/ember.js,22158
278,MDEwOlJlcG9zaXRvcnk3MjEyNjQ1,spacemacs,syl20bnr/spacemacs,22145
279,MDEwOlJlcG9zaXRvcnkxMDI5NzM2NDY=,fastai,fastai/fastai,22110
280,MDEwOlJlcG9zaXRvcnkxMzU3Nzk2,emscripten,emscripten-core/emscripten,22058
281,MDEwOlJlcG9zaXRvcnkzMzU2OTEzNQ==,RxSwift,ReactiveX/RxSwift,22032
282,MDEwOlJlcG9zaXRvcnkxMzc0NTE0MDM=,nacos,alibaba/nacos,21930
283,MDEwOlJlcG9zaXRvcnkxNjMzODczMzc=,seata,seata/seata,21891
284,MDEwOlJlcG9zaXRvcnkxMDg1MTgyMA==,ramda,ramda/ramda,21865
285,MDEwOlJlcG9zaXRvcnkyMDU1OTY1,swagger-ui,swagger-api/swagger-ui,21829
286,MDEwOlJlcG9zaXRvcnkyMTY5NjMwMg==,awesome-swift,matteocrippa/awesome-swift,21811
287,MDEwOlJlcG9zaXRvcnkxOTMyMTU1NTQ=,n8n,n8n-io/n8n,21796
288,MDEwOlJlcG9zaXRvcnk1NTMyMzIw,polymer,Polymer/polymer,21778
289,MDEwOlJlcG9zaXRvcnkxOTI5MjU4MzM=,prisma,prisma/prisma,21733
290,MDEwOlJlcG9zaXRvcnkyNTg4MDg5MQ==,flow,facebook/flow,21702
291,MDEwOlJlcG9zaXRvcnkxNjQxNDA3NTY=,Files,files-community/Files,21652
292,MDEwOlJlcG9zaXRvcnkxNDIwMDUz,guzzle,guzzle/guzzle,21671
293,MDEwOlJlcG9zaXRvcnkyMjExMjQz,kafka,apache/kafka,21579
294,MDEwOlJlcG9zaXRvcnk1MjExMzkyMQ==,draft-js,facebook/draft-js,21572
295,MDEwOlJlcG9zaXRvcnk0OTkxMDA5NQ==,vapor,vapor/vapor,21539
296,MDEwOlJlcG9zaXRvcnkzNTY0MDIyOQ==,rollup,rollup/rollup,21452
297,MDEwOlJlcG9zaXRvcnk0MzcyMzE2MQ==,helm,helm/helm,21450
298,MDEwOlJlcG9zaXRvcnk3MTI1MzA=,fabric.js,fabricjs/fabric.js,21441
299,MDEwOlJlcG9zaXRvcnkxMTUxMTAxODE=,swc,swc-project/swc,21429
300,MDEwOlJlcG9zaXRvcnkxMDgxMTA=,mongo,mongodb/mongo,21421
301,MDEwOlJlcG9zaXRvcnk1OTIzOTM0Nw==,portainer,portainer/portainer,21275
302,MDEwOlJlcG9zaXRvcnkxNDUxMzUy,mocha,mochajs/mocha,21265
303,MDEwOlJlcG9zaXRvcnkzMTQ5MjQ5MA==,NativeScript,NativeScript/NativeScript,21068
304,MDEwOlJlcG9zaXRvcnk4MDE0OTI2Mg==,react-navigation,react-navigation/react-navigation,21031
305,MDEwOlJlcG9zaXRvcnkzMzkwMjQz,servo,servo/servo,20926
306,MDEwOlJlcG9zaXRvcnk0MzY5NTQ3NA==,quasar,quasarframework/quasar,20900
307,MDEwOlJlcG9zaXRvcnkxMzkyNjQwNA==,redash,getredash/redash,20824
308,MDEwOlJlcG9zaXRvcnkxMTQ0NjYxNDU=,yew,yewstack/yew,20632
309,MDEwOlJlcG9zaXRvcnkxNTQ4MDA2Nw==,react-bootstrap,react-bootstrap/react-bootstrap,20596
310,MDEwOlJlcG9zaXRvcnkxMDI1NzgzNDU=,lede,coolsnowwolf/lede,20585
311,MDEwOlJlcG9zaXRvcnkzMDE3NDI=,tornado,tornadoweb/tornado,20486
312,MDEwOlJlcG9zaXRvcnk5NjI0NjE3MA==,apollo,ApolloAuto/apollo,20463
313,MDEwOlJlcG9zaXRvcnk1Njg5OTI4NA==,insomnia,Kong/insomnia,20440
314,MDEwOlJlcG9zaXRvcnkxMTA2MTc3Mw==,eslint,eslint/eslint,20325
315,MDEwOlJlcG9zaXRvcnkxMjgyMzcxNDY=,vuepress,vuejs/vuepress,20172
316,MDEwOlJlcG9zaXRvcnkxODAxOTA4NTQ=,appwrite,appwrite/appwrite,20272
317,MDEwOlJlcG9zaXRvcnk5MDg2MDc=,numpy,numpy/numpy,20062
318,MDEwOlJlcG9zaXRvcnkxMjM0NzE0,elixir,elixir-lang/elixir,20023
319,MDEwOlJlcG9zaXRvcnkzNjA2NjI0,ReactiveCocoa,ReactiveCocoa/ReactiveCocoa,19984
320,MDEwOlJlcG9zaXRvcnkzNDg2NDQwMg==,incubator-mxnet,apache/incubator-mxnet,19932
321,MDEwOlJlcG9zaXRvcnk1MzczNTUx,libgdx,libgdx/libgdx,19818
322,MDEwOlJlcG9zaXRvcnk3MTkzMjM0OQ==,ray,ray-project/ray,19783
323,MDEwOlJlcG9zaXRvcnkxNzI3NDEwNzM=,snowpack,withastro/snowpack,19771
324,MDEwOlJlcG9zaXRvcnkxMjEzMjI1,highlight.js,highlightjs/highlight.js,19769
325,MDEwOlJlcG9zaXRvcnkxMTYxNjc3MzE=,yuzu,yuzu-emu/yuzu,19726
326,MDEwOlJlcG9zaXRvcnkyNjgyMDc5OA==,ava,avajs/ava,19722
327,MDEwOlJlcG9zaXRvcnkyNjIyOTYxMjI=,PaddleOCR,PaddlePaddle/PaddleOCR,19668
328,MDEwOlJlcG9zaXRvcnkxMzU1MTYyNzA=,k3s,k3s-io/k3s,19609
329,MDEwOlJlcG9zaXRvcnk0MjQ1NTkzNA==,xstate,statelyai/xstate,19470
330,MDEwOlJlcG9zaXRvcnk4ODcxNzIxNQ==,vant,youzan/vant,19426
331,MDEwOlJlcG9zaXRvcnkxMzc1MzYzNg==,generator-jhipster,jhipster/generator-jhipster,19419
332,MDEwOlJlcG9zaXRvcnk1MDYwMzg0Ng==,parse-server,parse-community/parse-server,19374
333,MDEwOlJlcG9zaXRvcnk2NTIxNDE5MQ==,envoy,envoyproxy/envoy,19295
334,MDEwOlJlcG9zaXRvcnkzNTgxMDE3NA==,electron-react-boilerplate,electron-react-boilerplate/electron-react-boilerplate,19281
335,MDEwOlJlcG9zaXRvcnk2MDI3MzcwNA==,DeepSpeech,mozilla/DeepSpeech,19317
336,MDEwOlJlcG9zaXRvcnk2MzIyNjU4OA==,react-admin,marmelab/react-admin,19279
337,MDEwOlJlcG9zaXRvcnkxMjc3NjkyMzE=,RSSHub,DIYgod/RSSHub,19219
338,MDEwOlJlcG9zaXRvcnkxNDgxMjczOQ==,libuv,libuv/libuv,19201
339,MDEwOlJlcG9zaXRvcnkyMDgxODEyNg==,ExoPlayer,google/ExoPlayer,19149
340,MDEwOlJlcG9zaXRvcnkxMjMzMDM0MDI=,poetry,python-poetry/poetry,19111
341,MDEwOlJlcG9zaXRvcnkzNjIzMDUw,homebrew-cask,Homebrew/homebrew-cask,19059
342,MDEwOlJlcG9zaXRvcnk0NTcyMTAxMQ==,skywalking,apache/skywalking,19020
343,MDEwOlJlcG9zaXRvcnk1Mzg3NDY=,ruby,ruby/ruby,19017
344,MDEwOlJlcG9zaXRvcnkxODQ0NjA=,celery,celery/celery,19010
345,MDEwOlJlcG9zaXRvcnkxNjAwODM3OTU=,serenity,SerenityOS/serenity,18996
346,MDEwOlJlcG9zaXRvcnkxNDU2NzAyMzQ=,mmdetection,open-mmlab/mmdetection,18991
347,MDEwOlJlcG9zaXRvcnk3MzY0ODY3OA==,forem,forem/forem,18922
348,MDEwOlJlcG9zaXRvcnk2MzQ3NzYxMg==,C-Plus-Plus,TheAlgorithms/C-Plus-Plus,18881
349,MDEwOlJlcG9zaXRvcnkyNjMzNzMyMg==,rancher,rancher/rancher,18844
350,MDEwOlJlcG9zaXRvcnkyMjM5NDM1Nw==,osquery,osquery/osquery,18789
351,MDEwOlJlcG9zaXRvcnk2MDI0MzE5Nw==,server,nextcloud/server,18781
352,MDEwOlJlcG9zaXRvcnk0MDQ4NDM5OA==,discord.js,discordjs/discord.js,18752
353,MDEwOlJlcG9zaXRvcnk3MTkzOTg3Mg==,blueprint,palantir/blueprint,18701
354,MDEwOlJlcG9zaXRvcnkxMTAzNjA3,jenkins,jenkinsci/jenkins,18673
355,MDEwOlJlcG9zaXRvcnk0Mjc5Njgy,fish-shell,fish-shell/fish-shell,18661
356,MDEwOlJlcG9zaXRvcnk3NDY2MDY0Mg==,taichi,taichi-dev/taichi,18633
357,MDEwOlJlcG9zaXRvcnkzODMwNzQyOA==,graphql-js,graphql/graphql-js,18640
358,MDEwOlJlcG9zaXRvcnk0NDE1MDQ5Nw==,remote-jobs,remoteintech/remote-jobs,18550
359,MDEwOlJlcG9zaXRvcnkyMDQwODY4NjI=,streamlit,streamlit/streamlit,18525
360,MDEwOlJlcG9zaXRvcnkyMDU4NzU5OQ==,flink,apache/flink,18497
361,MDEwOlJlcG9zaXRvcnkxOTM3NDgxMg==,tdesktop,telegramdesktop/tdesktop,18484
362,MDEwOlJlcG9zaXRvcnk0MTg4OTAzMQ==,NewPipe,TeamNewPipe/NewPipe,18501
363,MDEwOlJlcG9zaXRvcnkyMDc3Mzc3Mw==,bazel,bazelbuild/bazel,18394
364,MDEwOlJlcG9zaXRvcnk0NDgwNDU=,phpunit,sebastianbergmann/phpunit,18315
365,MDEwOlJlcG9zaXRvcnkyMTQ4NDc4MQ==,jumpserver,jumpserver/jumpserver,18241
366,MDEwOlJlcG9zaXRvcnk2MjAxMDky,mpv,mpv-player/mpv,18248
367,MDEwOlJlcG9zaXRvcnkxOTk5NDI1Nw==,delve,go-delve/delve,18223
368,MDEwOlJlcG9zaXRvcnkyMjM0MTAy,CodeIgniter,bcit-ci/CodeIgniter,18185
369,MDEwOlJlcG9zaXRvcnkxODYwMjQyOTg=,nushell,nushell/nushell,18168
370,MDEwOlJlcG9zaXRvcnkzODY5NjkyNQ==,python-telegram-bot,python-telegram-bot/python-telegram-bot,18143
371,MDEwOlJlcG9zaXRvcnkzMTUyMjA0MQ==,vnpy,vnpy/vnpy,18114
372,MDEwOlJlcG9zaXRvcnk3NjM0Njc3,openssl,openssl/openssl,18069
373,MDEwOlJlcG9zaXRvcnkxOTYzNTM2NzM=,TDengine,taosdata/TDengine,18037
374,MDEwOlJlcG9zaXRvcnk3NzM1ODI2Mw==,SpaceVim,SpaceVim/SpaceVim,17999
375,MDEwOlJlcG9zaXRvcnkyOTIxNzA1NA==,go-micro,asim/go-micro,17989
376,MDEwOlJlcG9zaXRvcnkxNzg2MjY3MjA=,pytorch-lightning,PyTorchLightning/pytorch-lightning,17924
377,MDEwOlJlcG9zaXRvcnkyNjI5NTM0NQ==,corefx,dotnet/corefx,17906
378,MDEwOlJlcG9zaXRvcnk2NTcxMTUyMg==,Paddle,PaddlePaddle/Paddle,17897
379,MDEwOlJlcG9zaXRvcnkxNjA4OTAzNQ==,wekan,wekan/wekan,17892
380,MDEwOlJlcG9zaXRvcnkxNTIyNTY3MA==,jitsi-meet,jitsi/jitsi-meet,17864
381,MDEwOlJlcG9zaXRvcnk1MzY1ODgwMg==,weex,alibaba/weex,17849
382,MDEwOlJlcG9zaXRvcnk0MTM0OTAzOQ==,dgraph,dgraph-io/dgraph,17865
383,MDEwOlJlcG9zaXRvcnk2MTQyMTI1Nw==,egg,eggjs/egg,17845
384,MDEwOlJlcG9zaXRvcnkxNjA3MjU4NQ==,phoenix,phoenixframework/phoenix,17780
385,MDEwOlJlcG9zaXRvcnkxOTk1MzA0NA==,flatbuffers,google/flatbuffers,17690
386,MDEwOlJlcG9zaXRvcnkxMDc1MDU4Njk=,firecracker,firecracker-microvm/firecracker,17698
387,MDEwOlJlcG9zaXRvcnk1ODE1NzYyOQ==,magenta,magenta/magenta,17525
388,MDEwOlJlcG9zaXRvcnk1MTc2OTY4OQ==,refined-github,refined-github/refined-github,17490
389,MDEwOlJlcG9zaXRvcnk1MjYzMDYxNg==,apollo-client,apollographql/apollo-client,17500
390,MDEwOlJlcG9zaXRvcnkxOTI2MzIwMDA=,dapr,dapr/dapr,17478
391,MDEwOlJlcG9zaXRvcnk1NjMxNTcxNQ==,NativeBase,GeekyAnts/NativeBase,17408
392,MDEwOlJlcG9zaXRvcnkyNjc4NDgyNw==,core,dotnet/core,17402
393,MDEwOlJlcG9zaXRvcnkyNTQyNzgxNw==,react-dnd,react-dnd/react-dnd,17403
394,MDEwOlJlcG9zaXRvcnkyNDE4MDU1OTI=,tools,rome/tools,17398
395,MDEwOlJlcG9zaXRvcnkzMjEyNzg=,npm,npm/npm,17384
396,MDEwOlJlcG9zaXRvcnk2ODg3ODEz,crystal,crystal-lang/crystal,17380
397,MDEwOlJlcG9zaXRvcnk4MDI4NjI4OA==,Tasmota,arendst/Tasmota,17377
398,MDEwOlJlcG9zaXRvcnkxNTcxNjY3NTA=,lens,lensapp/lens,17337
399,MDEwOlJlcG9zaXRvcnk1MzI2NjEzOQ==,BoostNote-Legacy,BoostIO/BoostNote-Legacy,17331
400,MDEwOlJlcG9zaXRvcnk1MTMzOTQ5,swoole-src,swoole/swoole-src,17336
401,MDEwOlJlcG9zaXRvcnk3ODMzMTY4,kibana,elastic/kibana,17277
402,MDEwOlJlcG9zaXRvcnk4NDI0MDQw,p5.js,processing/p5.js,17249
403,MDEwOlJlcG9zaXRvcnk0NTU2MDA=,hhvm,facebook/hhvm,17224
404,MDEwOlJlcG9zaXRvcnk0Nzg1ODQ=,jsdom,jsdom/jsdom,17208
405,MDEwOlJlcG9zaXRvcnk3NTQyNTA3Mw==,rxdb,pubkey/rxdb,17198
406,MDEwOlJlcG9zaXRvcnkxNjUwNDE3MzI=,kratos,go-kratos/kratos,17200
407,MDEwOlJlcG9zaXRvcnk2NDcwMDkzNA==,openzeppelin-contracts,OpenZeppelin/openzeppelin-contracts,17159
